{
  "cv_roc_auc": 0.9995664511286456,
  "cv_roc_auc_std": 0.00011801432201808014,
  "test_roc_auc": 0.9998725424989807,
  "test_pr_auc": 0.9996966776269787
}